elapsed_s,lane,count,emergency
0.29,Lane 1,0,0
0.29,Lane 2,0,0
0.29,Lane 3,0,0
0.29,Lane 4,0,0
0.71,Lane 1,0,0
0.71,Lane 2,0,0
0.71,Lane 3,0,0
0.71,Lane 4,0,0
0.81,Lane 1,6,0
0.81,Lane 2,8,0
0.81,Lane 3,6,0
0.81,Lane 4,9,0
1.17,Lane 1,6,0
1.17,Lane 2,8,0
1.17,Lane 3,6,0
1.17,Lane 4,9,0
1.24,Lane 1,6,0
1.24,Lane 2,10,0
1.24,Lane 3,6,0
1.24,Lane 4,9,0
1.54,Lane 1,6,0
1.54,Lane 2,10,0
1.54,Lane 3,6,0
1.54,Lane 4,9,0
1.61,Lane 1,6,0
1.61,Lane 2,10,0
1.61,Lane 3,6,0
1.61,Lane 4,9,0
1.91,Lane 1,6,0
1.91,Lane 2,10,0
1.91,Lane 3,6,0
1.91,Lane 4,9,0
1.97,Lane 1,6,0
1.97,Lane 2,10,0
1.97,Lane 3,6,0
1.97,Lane 4,9,0
2.27,Lane 1,6,0
2.27,Lane 2,10,0
2.27,Lane 3,6,0
2.27,Lane 4,9,0
2.33,Lane 1,6,0
2.33,Lane 2,10,0
2.33,Lane 3,6,0
2.33,Lane 4,9,0
2.6,Lane 1,6,0
2.6,Lane 2,10,0
2.6,Lane 3,6,0
2.6,Lane 4,9,0
2.66,Lane 1,6,0
2.66,Lane 2,10,0
2.66,Lane 3,6,0
2.66,Lane 4,9,0
3.0,Lane 1,6,0
3.0,Lane 2,10,0
3.0,Lane 3,6,0
3.0,Lane 4,9,0
3.06,Lane 1,8,0
3.06,Lane 2,10,0
3.06,Lane 3,6,0
3.06,Lane 4,9,0
3.37,Lane 1,8,0
3.37,Lane 2,10,0
3.37,Lane 3,6,0
3.37,Lane 4,9,0
3.43,Lane 1,8,0
3.43,Lane 2,10,0
3.43,Lane 3,6,0
3.43,Lane 4,9,0
3.72,Lane 1,8,0
3.72,Lane 2,10,0
3.72,Lane 3,6,0
3.72,Lane 4,9,0
3.77,Lane 1,8,0
3.77,Lane 2,12,0
3.77,Lane 3,6,0
3.77,Lane 4,9,0
4.06,Lane 1,8,0
4.06,Lane 2,12,0
4.06,Lane 3,6,0
4.06,Lane 4,9,0
4.12,Lane 1,8,0
4.12,Lane 2,12,0
4.12,Lane 3,6,0
4.12,Lane 4,9,0
4.41,Lane 1,8,0
4.41,Lane 2,12,0
4.41,Lane 3,6,0
4.41,Lane 4,9,0
4.47,Lane 1,13,0
4.47,Lane 2,12,0
4.47,Lane 3,6,0
4.47,Lane 4,11,0
4.76,Lane 1,13,0
4.76,Lane 2,12,0
4.76,Lane 3,6,0
4.76,Lane 4,11,0
4.82,Lane 1,13,0
4.82,Lane 2,12,0
4.82,Lane 3,6,0
4.82,Lane 4,11,0
5.11,Lane 1,13,0
5.11,Lane 2,12,0
5.11,Lane 3,6,0
5.11,Lane 4,11,0
5.18,Lane 1,13,0
5.18,Lane 2,12,0
5.18,Lane 3,6,0
5.18,Lane 4,11,0
5.47,Lane 1,13,0
5.47,Lane 2,12,0
5.47,Lane 3,6,0
5.47,Lane 4,11,0
5.53,Lane 1,13,0
5.53,Lane 2,12,0
5.53,Lane 3,6,0
5.53,Lane 4,11,0
5.82,Lane 1,13,0
5.82,Lane 2,12,0
5.82,Lane 3,6,0
5.82,Lane 4,11,0
5.89,Lane 1,13,0
5.89,Lane 2,12,0
5.89,Lane 3,7,0
5.89,Lane 4,11,0
6.19,Lane 1,13,0
6.19,Lane 2,12,0
6.19,Lane 3,7,0
6.19,Lane 4,11,0
6.25,Lane 1,13,0
6.25,Lane 2,12,0
6.25,Lane 3,7,0
6.25,Lane 4,11,0
6.54,Lane 1,13,0
6.54,Lane 2,12,0
6.54,Lane 3,7,0
6.54,Lane 4,11,0
6.61,Lane 1,13,0
6.61,Lane 2,12,0
6.61,Lane 3,7,0
6.61,Lane 4,11,0
6.9,Lane 1,13,0
6.9,Lane 2,12,0
6.9,Lane 3,7,0
6.9,Lane 4,11,0
6.96,Lane 1,13,0
6.96,Lane 2,12,0
6.96,Lane 3,7,0
6.96,Lane 4,11,0
7.28,Lane 1,13,0
7.28,Lane 2,12,0
7.28,Lane 3,7,0
7.28,Lane 4,11,0
7.34,Lane 1,13,0
7.34,Lane 2,12,0
7.34,Lane 3,7,0
7.34,Lane 4,11,0
7.63,Lane 1,13,0
7.63,Lane 2,12,0
7.63,Lane 3,7,0
7.63,Lane 4,11,0
7.69,Lane 1,13,0
7.69,Lane 2,14,0
7.69,Lane 3,7,0
7.69,Lane 4,11,0
8.0,Lane 1,13,0
8.0,Lane 2,14,0
8.0,Lane 3,7,0
8.0,Lane 4,11,0
8.07,Lane 1,13,0
8.07,Lane 2,14,0
8.07,Lane 3,7,0
8.07,Lane 4,11,0
8.37,Lane 1,13,0
8.37,Lane 2,14,0
8.37,Lane 3,7,0
8.37,Lane 4,11,0
8.43,Lane 1,13,0
8.43,Lane 2,14,0
8.43,Lane 3,7,0
8.43,Lane 4,11,0
8.73,Lane 1,13,0
8.73,Lane 2,14,0
8.73,Lane 3,7,0
8.73,Lane 4,11,0
8.78,Lane 1,13,0
8.78,Lane 2,14,0
8.78,Lane 3,7,0
8.78,Lane 4,11,0
9.07,Lane 1,13,0
9.07,Lane 2,14,0
9.07,Lane 3,7,0
9.07,Lane 4,11,0
9.13,Lane 1,14,0
9.13,Lane 2,14,0
9.13,Lane 3,7,0
9.13,Lane 4,11,0
9.41,Lane 1,14,0
9.41,Lane 2,14,0
9.41,Lane 3,7,0
9.41,Lane 4,11,0
9.47,Lane 1,14,0
9.47,Lane 2,14,0
9.47,Lane 3,7,0
9.47,Lane 4,11,0
9.75,Lane 1,14,0
9.75,Lane 2,14,0
9.75,Lane 3,7,0
9.75,Lane 4,11,0
9.81,Lane 1,14,0
9.81,Lane 2,14,0
9.81,Lane 3,7,0
9.81,Lane 4,11,0
10.1,Lane 1,14,0
10.1,Lane 2,14,0
10.1,Lane 3,7,0
10.1,Lane 4,11,0
10.16,Lane 1,14,0
10.16,Lane 2,14,0
10.16,Lane 3,7,0
10.16,Lane 4,11,0
10.45,Lane 1,14,0
10.45,Lane 2,14,0
10.45,Lane 3,7,0
10.45,Lane 4,11,0
10.51,Lane 1,14,0
10.51,Lane 2,14,0
10.51,Lane 3,7,0
10.51,Lane 4,11,0
10.79,Lane 1,14,0
10.79,Lane 2,14,0
10.79,Lane 3,7,0
10.79,Lane 4,11,0
10.85,Lane 1,14,0
10.85,Lane 2,14,0
10.85,Lane 3,7,0
10.85,Lane 4,11,0
11.14,Lane 1,14,0
11.14,Lane 2,14,0
11.14,Lane 3,7,0
11.14,Lane 4,11,0
11.2,Lane 1,14,0
11.2,Lane 2,14,0
11.2,Lane 3,7,0
11.2,Lane 4,11,0
11.48,Lane 1,14,0
11.48,Lane 2,14,0
11.48,Lane 3,7,0
11.48,Lane 4,11,0
11.54,Lane 1,14,0
11.54,Lane 2,14,0
11.54,Lane 3,7,0
11.54,Lane 4,11,0
11.82,Lane 1,14,0
11.82,Lane 2,14,0
11.82,Lane 3,7,0
11.82,Lane 4,11,0
11.87,Lane 1,14,0
11.87,Lane 2,14,0
11.87,Lane 3,7,0
11.87,Lane 4,11,0
12.13,Lane 1,14,0
12.13,Lane 2,14,0
12.13,Lane 3,7,0
12.13,Lane 4,11,0
12.18,Lane 1,14,0
12.18,Lane 2,14,0
12.18,Lane 3,7,0
12.18,Lane 4,11,0
12.44,Lane 1,14,0
12.44,Lane 2,14,0
12.44,Lane 3,7,0
12.44,Lane 4,11,0
12.49,Lane 1,14,0
12.49,Lane 2,14,0
12.49,Lane 3,7,0
12.49,Lane 4,13,0
12.75,Lane 1,14,0
12.75,Lane 2,14,0
12.75,Lane 3,7,0
12.75,Lane 4,13,0
12.8,Lane 1,14,0
12.8,Lane 2,14,0
12.8,Lane 3,7,0
12.8,Lane 4,13,0
13.06,Lane 1,14,0
13.06,Lane 2,14,0
13.06,Lane 3,7,0
13.06,Lane 4,13,0
13.11,Lane 1,14,0
13.11,Lane 2,14,0
13.11,Lane 3,7,0
13.11,Lane 4,13,0
13.37,Lane 1,14,0
13.37,Lane 2,14,0
13.37,Lane 3,7,0
13.37,Lane 4,13,0
13.42,Lane 1,14,0
13.42,Lane 2,16,0
13.42,Lane 3,7,0
13.42,Lane 4,13,0
13.68,Lane 1,14,0
13.68,Lane 2,16,0
13.68,Lane 3,7,0
13.68,Lane 4,13,0
13.73,Lane 1,14,0
13.73,Lane 2,16,0
13.73,Lane 3,7,0
13.73,Lane 4,13,0
14.02,Lane 1,14,0
14.02,Lane 2,16,0
14.02,Lane 3,7,0
14.02,Lane 4,13,0
14.07,Lane 1,14,0
14.07,Lane 2,19,0
14.07,Lane 3,7,0
14.07,Lane 4,13,0
14.33,Lane 1,14,0
14.33,Lane 2,19,0
14.33,Lane 3,7,0
14.33,Lane 4,13,0
14.38,Lane 1,14,0
14.38,Lane 2,19,0
14.38,Lane 3,7,0
14.38,Lane 4,13,0
14.65,Lane 1,14,0
14.65,Lane 2,19,0
14.65,Lane 3,7,0
14.65,Lane 4,13,0
14.71,Lane 1,16,0
14.71,Lane 2,19,0
14.71,Lane 3,7,0
14.71,Lane 4,13,0
14.98,Lane 1,16,0
14.98,Lane 2,19,0
14.98,Lane 3,7,0
14.98,Lane 4,13,0
15.03,Lane 1,16,0
15.03,Lane 2,19,0
15.03,Lane 3,8,0
15.03,Lane 4,13,0
15.3,Lane 1,16,0
15.3,Lane 2,19,0
15.3,Lane 3,8,0
15.3,Lane 4,13,0
15.35,Lane 1,16,0
15.35,Lane 2,19,0
15.35,Lane 3,8,0
15.35,Lane 4,13,0
15.62,Lane 1,16,0
15.62,Lane 2,19,0
15.62,Lane 3,8,0
15.62,Lane 4,13,0
15.67,Lane 1,16,0
15.67,Lane 2,19,0
15.67,Lane 3,8,0
15.67,Lane 4,13,0
15.95,Lane 1,16,0
15.95,Lane 2,19,0
15.95,Lane 3,8,0
15.95,Lane 4,13,0
16.0,Lane 1,16,0
16.0,Lane 2,19,0
16.0,Lane 3,8,0
16.0,Lane 4,13,0
16.26,Lane 1,16,0
16.26,Lane 2,19,0
16.26,Lane 3,8,0
16.26,Lane 4,13,0
16.31,Lane 1,16,0
16.31,Lane 2,19,0
16.31,Lane 3,8,0
16.31,Lane 4,13,0
16.57,Lane 1,16,0
16.57,Lane 2,19,0
16.57,Lane 3,8,0
16.57,Lane 4,13,0
16.62,Lane 1,16,0
16.62,Lane 2,19,0
16.62,Lane 3,8,0
16.62,Lane 4,13,0
16.88,Lane 1,16,0
16.88,Lane 2,19,0
16.88,Lane 3,8,0
16.88,Lane 4,13,0
16.93,Lane 1,18,0
16.93,Lane 2,19,0
16.93,Lane 3,9,0
16.93,Lane 4,13,0
17.2,Lane 1,18,0
17.2,Lane 2,19,0
17.2,Lane 3,9,0
17.2,Lane 4,13,0
17.25,Lane 1,18,0
17.25,Lane 2,19,0
17.25,Lane 3,9,0
17.25,Lane 4,13,0
17.52,Lane 1,18,0
17.52,Lane 2,19,0
17.52,Lane 3,9,0
17.52,Lane 4,13,0
17.57,Lane 1,18,0
17.57,Lane 2,19,0
17.57,Lane 3,9,0
17.57,Lane 4,13,0
17.84,Lane 1,18,0
17.84,Lane 2,19,0
17.84,Lane 3,9,0
17.84,Lane 4,13,0
17.89,Lane 1,18,0
17.89,Lane 2,19,0
17.89,Lane 3,9,0
17.89,Lane 4,13,0
18.16,Lane 1,18,0
18.16,Lane 2,19,0
18.16,Lane 3,9,0
18.16,Lane 4,13,0
18.2,Lane 1,18,0
18.2,Lane 2,19,0
18.2,Lane 3,9,0
18.2,Lane 4,13,0
18.47,Lane 1,18,0
18.47,Lane 2,19,0
18.47,Lane 3,9,0
18.47,Lane 4,13,0
18.52,Lane 1,18,0
18.52,Lane 2,19,0
18.52,Lane 3,9,0
18.52,Lane 4,13,0
18.8,Lane 1,18,0
18.8,Lane 2,19,0
18.8,Lane 3,9,0
18.8,Lane 4,13,0
18.85,Lane 1,18,0
18.85,Lane 2,23,0
18.85,Lane 3,9,0
18.85,Lane 4,13,0
19.12,Lane 1,18,0
19.12,Lane 2,23,0
19.12,Lane 3,9,0
19.12,Lane 4,13,0
19.17,Lane 1,18,0
19.17,Lane 2,23,0
19.17,Lane 3,9,0
19.17,Lane 4,13,0
19.44,Lane 1,18,0
19.44,Lane 2,23,0
19.44,Lane 3,9,0
19.44,Lane 4,13,0
19.5,Lane 1,18,0
19.5,Lane 2,23,0
19.5,Lane 3,9,0
19.5,Lane 4,13,0
19.77,Lane 1,18,0
19.77,Lane 2,23,0
19.77,Lane 3,9,0
19.77,Lane 4,13,0
19.83,Lane 1,18,0
19.83,Lane 2,23,0
19.83,Lane 3,10,0
19.83,Lane 4,16,0
20.11,Lane 1,18,0
20.11,Lane 2,23,0
20.11,Lane 3,10,0
20.11,Lane 4,16,0
20.17,Lane 1,18,0
20.17,Lane 2,23,0
20.17,Lane 3,10,0
20.17,Lane 4,16,0
20.46,Lane 1,18,0
20.46,Lane 2,23,0
20.46,Lane 3,10,0
20.46,Lane 4,16,0
20.52,Lane 1,18,0
20.52,Lane 2,23,0
20.52,Lane 3,10,0
20.52,Lane 4,16,0
20.8,Lane 1,18,0
20.8,Lane 2,23,0
20.8,Lane 3,10,0
20.8,Lane 4,16,0
20.86,Lane 1,18,0
20.86,Lane 2,23,0
20.86,Lane 3,10,0
20.86,Lane 4,16,0
21.14,Lane 1,18,0
21.14,Lane 2,23,0
21.14,Lane 3,10,0
21.14,Lane 4,16,0
21.2,Lane 1,18,0
21.2,Lane 2,23,0
21.2,Lane 3,10,0
21.2,Lane 4,16,0
21.48,Lane 1,18,0
21.48,Lane 2,23,0
21.48,Lane 3,10,0
21.48,Lane 4,16,0
21.54,Lane 1,18,0
21.54,Lane 2,23,0
21.54,Lane 3,10,0
21.54,Lane 4,16,0
21.83,Lane 1,18,0
21.83,Lane 2,23,0
21.83,Lane 3,10,0
21.83,Lane 4,16,0
21.9,Lane 1,20,0
21.9,Lane 2,23,0
21.9,Lane 3,10,0
21.9,Lane 4,16,0
22.18,Lane 1,20,0
22.18,Lane 2,23,0
22.18,Lane 3,10,0
22.18,Lane 4,16,0
22.25,Lane 1,20,0
22.25,Lane 2,23,0
22.25,Lane 3,10,0
22.25,Lane 4,16,0
22.54,Lane 1,20,0
22.54,Lane 2,23,0
22.54,Lane 3,10,0
22.54,Lane 4,16,0
22.61,Lane 1,20,0
22.61,Lane 2,23,0
22.61,Lane 3,10,0
22.61,Lane 4,16,0
22.9,Lane 1,20,0
22.9,Lane 2,23,0
22.9,Lane 3,10,0
22.9,Lane 4,16,0
22.97,Lane 1,20,0
22.97,Lane 2,23,0
22.97,Lane 3,10,0
22.97,Lane 4,16,0
23.26,Lane 1,20,0
23.26,Lane 2,23,0
23.26,Lane 3,10,0
23.26,Lane 4,16,0
23.35,Lane 1,20,0
23.35,Lane 2,23,0
23.35,Lane 3,10,0
23.35,Lane 4,16,0
23.67,Lane 1,20,0
23.67,Lane 2,23,0
23.67,Lane 3,10,0
23.67,Lane 4,16,0
23.74,Lane 1,20,0
23.74,Lane 2,23,0
23.74,Lane 3,10,0
23.74,Lane 4,16,0
24.02,Lane 1,20,0
24.02,Lane 2,23,0
24.02,Lane 3,10,0
24.02,Lane 4,16,0
24.08,Lane 1,20,0
24.08,Lane 2,23,0
24.08,Lane 3,10,0
24.08,Lane 4,16,0
24.37,Lane 1,20,0
24.37,Lane 2,23,0
24.37,Lane 3,10,0
24.37,Lane 4,16,0
24.44,Lane 1,20,0
24.44,Lane 2,23,0
24.44,Lane 3,10,0
24.44,Lane 4,16,0
24.73,Lane 1,20,0
24.73,Lane 2,23,0
24.73,Lane 3,10,0
24.73,Lane 4,16,0
24.79,Lane 1,20,0
24.79,Lane 2,23,0
24.79,Lane 3,10,0
24.79,Lane 4,16,0
25.08,Lane 1,20,0
25.08,Lane 2,23,0
25.08,Lane 3,10,0
25.08,Lane 4,16,0
25.15,Lane 1,20,0
25.15,Lane 2,23,0
25.15,Lane 3,10,0
25.15,Lane 4,16,0
25.44,Lane 1,20,0
25.44,Lane 2,23,0
25.44,Lane 3,10,0
25.44,Lane 4,16,0
25.5,Lane 1,20,0
25.5,Lane 2,26,0
25.5,Lane 3,10,0
25.5,Lane 4,16,0
25.8,Lane 1,20,0
25.8,Lane 2,26,0
25.8,Lane 3,10,0
25.8,Lane 4,16,0
25.88,Lane 1,20,0
25.88,Lane 2,26,0
25.88,Lane 3,10,0
25.88,Lane 4,16,0
26.19,Lane 1,20,0
26.19,Lane 2,26,0
26.19,Lane 3,10,0
26.19,Lane 4,16,0
26.25,Lane 1,20,0
26.25,Lane 2,26,0
26.25,Lane 3,10,0
26.25,Lane 4,16,0
26.52,Lane 1,20,0
26.52,Lane 2,26,0
26.52,Lane 3,10,0
26.52,Lane 4,16,0
26.58,Lane 1,20,0
26.58,Lane 2,26,0
26.58,Lane 3,10,0
26.58,Lane 4,16,0
26.87,Lane 1,20,0
26.87,Lane 2,26,0
26.87,Lane 3,10,0
26.87,Lane 4,16,0
26.93,Lane 1,20,0
26.93,Lane 2,26,0
26.93,Lane 3,10,0
26.93,Lane 4,16,0
27.21,Lane 1,20,0
27.21,Lane 2,26,0
27.21,Lane 3,10,0
27.21,Lane 4,16,0
27.27,Lane 1,20,0
27.27,Lane 2,26,0
27.27,Lane 3,10,0
27.27,Lane 4,16,0
27.58,Lane 1,20,0
27.58,Lane 2,26,0
27.58,Lane 3,10,0
27.58,Lane 4,16,0
27.64,Lane 1,20,0
27.64,Lane 2,26,0
27.64,Lane 3,10,0
27.64,Lane 4,16,0
27.93,Lane 1,20,0
27.93,Lane 2,26,0
27.93,Lane 3,10,0
27.93,Lane 4,16,0
27.99,Lane 1,20,0
27.99,Lane 2,26,0
27.99,Lane 3,10,0
27.99,Lane 4,16,0
28.29,Lane 1,20,0
28.29,Lane 2,26,0
28.29,Lane 3,10,0
28.29,Lane 4,16,0
28.35,Lane 1,20,0
28.35,Lane 2,26,0
28.35,Lane 3,10,0
28.35,Lane 4,16,0
28.63,Lane 1,20,0
28.63,Lane 2,26,0
28.63,Lane 3,10,0
28.63,Lane 4,16,0
28.7,Lane 1,20,0
28.7,Lane 2,26,0
28.7,Lane 3,10,0
28.7,Lane 4,19,0
28.99,Lane 1,20,0
28.99,Lane 2,26,0
28.99,Lane 3,10,0
28.99,Lane 4,19,0
29.05,Lane 1,20,0
29.05,Lane 2,26,0
29.05,Lane 3,10,0
29.05,Lane 4,19,0
29.33,Lane 1,20,0
29.33,Lane 2,26,0
29.33,Lane 3,10,0
29.33,Lane 4,19,0
29.39,Lane 1,20,0
29.39,Lane 2,26,0
29.39,Lane 3,10,0
29.39,Lane 4,19,0
29.66,Lane 1,20,0
29.66,Lane 2,26,0
29.66,Lane 3,10,0
29.66,Lane 4,19,0
29.72,Lane 1,20,0
29.72,Lane 2,26,0
29.72,Lane 3,10,0
29.72,Lane 4,19,0
30.02,Lane 1,20,0
30.02,Lane 2,26,0
30.02,Lane 3,10,0
30.02,Lane 4,19,0
30.08,Lane 1,20,0
30.08,Lane 2,30,0
30.08,Lane 3,10,0
30.08,Lane 4,19,0
30.37,Lane 1,20,0
30.37,Lane 2,30,0
30.37,Lane 3,10,0
30.37,Lane 4,19,0
30.43,Lane 1,20,0
30.43,Lane 2,30,0
30.43,Lane 3,10,0
30.43,Lane 4,19,0
30.71,Lane 1,20,0
30.71,Lane 2,30,0
30.71,Lane 3,10,0
30.71,Lane 4,19,0
30.77,Lane 1,20,0
30.77,Lane 2,30,0
30.77,Lane 3,10,0
30.77,Lane 4,19,0
31.06,Lane 1,20,0
31.06,Lane 2,30,0
31.06,Lane 3,10,0
31.06,Lane 4,19,0
31.12,Lane 1,20,0
31.12,Lane 2,30,0
31.12,Lane 3,10,0
31.12,Lane 4,19,0
31.41,Lane 1,20,0
31.41,Lane 2,30,0
31.41,Lane 3,10,0
31.41,Lane 4,19,0
31.48,Lane 1,21,0
31.48,Lane 2,30,0
31.48,Lane 3,10,0
31.48,Lane 4,19,0
31.78,Lane 1,21,0
31.78,Lane 2,30,0
31.78,Lane 3,10,0
31.78,Lane 4,19,0
31.85,Lane 1,21,0
31.85,Lane 2,30,0
31.85,Lane 3,10,0
31.85,Lane 4,19,0
32.14,Lane 1,21,0
32.14,Lane 2,30,0
32.14,Lane 3,10,0
32.14,Lane 4,19,0
32.2,Lane 1,21,0
32.2,Lane 2,30,0
32.2,Lane 3,10,0
32.2,Lane 4,19,0
32.49,Lane 1,21,0
32.49,Lane 2,30,0
32.49,Lane 3,10,0
32.49,Lane 4,19,0
32.56,Lane 1,21,0
32.56,Lane 2,30,0
32.56,Lane 3,10,0
32.56,Lane 4,19,0
32.84,Lane 1,21,0
32.84,Lane 2,30,0
32.84,Lane 3,10,0
32.84,Lane 4,19,0
32.91,Lane 1,21,0
32.91,Lane 2,30,0
32.91,Lane 3,10,0
32.91,Lane 4,19,0
33.22,Lane 1,21,0
33.22,Lane 2,30,0
33.22,Lane 3,10,0
33.22,Lane 4,19,0
33.29,Lane 1,21,0
33.29,Lane 2,30,0
33.29,Lane 3,10,0
33.29,Lane 4,19,0
33.57,Lane 1,21,0
33.57,Lane 2,30,0
33.57,Lane 3,10,0
33.57,Lane 4,19,0
33.63,Lane 1,21,0
33.63,Lane 2,30,0
33.63,Lane 3,10,0
33.63,Lane 4,19,0
33.93,Lane 1,21,0
33.93,Lane 2,30,0
33.93,Lane 3,10,0
33.93,Lane 4,19,0
33.99,Lane 1,21,0
33.99,Lane 2,30,0
33.99,Lane 3,11,0
33.99,Lane 4,19,0
34.29,Lane 1,21,0
34.29,Lane 2,30,0
34.29,Lane 3,11,0
34.29,Lane 4,19,0
34.35,Lane 1,21,0
34.35,Lane 2,30,0
34.35,Lane 3,11,0
34.35,Lane 4,19,0
34.64,Lane 1,21,0
34.64,Lane 2,30,0
34.64,Lane 3,11,0
34.64,Lane 4,19,0
34.72,Lane 1,21,0
34.72,Lane 2,30,0
34.72,Lane 3,11,0
34.72,Lane 4,19,0
35.02,Lane 1,21,0
35.02,Lane 2,30,0
35.02,Lane 3,11,0
35.02,Lane 4,19,0
35.07,Lane 1,21,0
35.07,Lane 2,36,0
35.07,Lane 3,11,0
35.07,Lane 4,19,0
35.35,Lane 1,21,0
35.35,Lane 2,36,0
35.35,Lane 3,11,0
35.35,Lane 4,19,0
35.42,Lane 1,21,0
35.42,Lane 2,36,0
35.42,Lane 3,11,0
35.42,Lane 4,21,0
35.71,Lane 1,21,0
35.71,Lane 2,36,0
35.71,Lane 3,11,0
35.71,Lane 4,21,0
35.77,Lane 1,21,0
35.77,Lane 2,36,0
35.77,Lane 3,11,0
35.77,Lane 4,21,0
36.08,Lane 1,21,0
36.08,Lane 2,36,0
36.08,Lane 3,11,0
36.08,Lane 4,21,0
36.14,Lane 1,21,0
36.14,Lane 2,36,0
36.14,Lane 3,11,0
36.14,Lane 4,21,0
36.42,Lane 1,21,0
36.42,Lane 2,36,0
36.42,Lane 3,11,0
36.42,Lane 4,21,0
36.48,Lane 1,21,0
36.48,Lane 2,36,0
36.48,Lane 3,11,0
36.48,Lane 4,21,0
36.78,Lane 1,21,0
36.78,Lane 2,36,0
36.78,Lane 3,11,0
36.78,Lane 4,21,0
36.84,Lane 1,21,0
36.84,Lane 2,36,0
36.84,Lane 3,11,0
36.84,Lane 4,21,0
37.13,Lane 1,21,0
37.13,Lane 2,36,0
37.13,Lane 3,11,0
37.13,Lane 4,21,0
37.19,Lane 1,21,0
37.19,Lane 2,36,0
37.19,Lane 3,11,0
37.19,Lane 4,21,0
37.49,Lane 1,21,0
37.49,Lane 2,36,0
37.49,Lane 3,11,0
37.49,Lane 4,21,0
37.55,Lane 1,21,0
37.55,Lane 2,36,0
37.55,Lane 3,11,0
37.55,Lane 4,21,0
37.84,Lane 1,21,0
37.84,Lane 2,36,0
37.84,Lane 3,11,0
37.84,Lane 4,21,0
37.9,Lane 1,21,0
37.9,Lane 2,36,0
37.9,Lane 3,11,0
37.9,Lane 4,21,0
38.2,Lane 1,21,0
38.2,Lane 2,36,0
38.2,Lane 3,11,0
38.2,Lane 4,21,0
38.26,Lane 1,21,0
38.26,Lane 2,36,0
38.26,Lane 3,12,0
38.26,Lane 4,21,0
38.58,Lane 1,21,0
38.58,Lane 2,36,0
38.58,Lane 3,12,0
38.58,Lane 4,21,0
38.64,Lane 1,23,0
38.64,Lane 2,36,0
38.64,Lane 3,12,0
38.64,Lane 4,21,0
38.89,Lane 1,23,0
38.89,Lane 2,36,0
38.89,Lane 3,12,0
38.89,Lane 4,21,0
38.94,Lane 1,23,0
38.94,Lane 2,36,0
38.94,Lane 3,12,0
38.94,Lane 4,21,0
39.16,Lane 1,23,0
39.16,Lane 2,36,0
39.16,Lane 3,12,0
39.16,Lane 4,21,0
39.21,Lane 1,23,0
39.21,Lane 2,36,0
39.21,Lane 3,12,0
39.21,Lane 4,21,0
39.44,Lane 1,23,0
39.44,Lane 2,36,0
39.44,Lane 3,12,0
39.44,Lane 4,21,0
39.49,Lane 1,23,0
39.49,Lane 2,36,0
39.49,Lane 3,12,0
39.49,Lane 4,21,0
39.71,Lane 1,23,0
39.71,Lane 2,36,0
39.71,Lane 3,12,0
39.71,Lane 4,21,0
39.75,Lane 1,23,0
39.75,Lane 2,36,0
39.75,Lane 3,12,0
39.75,Lane 4,21,0
39.97,Lane 1,23,0
39.97,Lane 2,36,0
39.97,Lane 3,12,0
39.97,Lane 4,21,0
40.01,Lane 1,23,0
40.01,Lane 2,36,0
40.01,Lane 3,12,0
40.01,Lane 4,23,0
40.23,Lane 1,23,0
40.23,Lane 2,36,0
40.23,Lane 3,12,0
40.23,Lane 4,23,0
40.27,Lane 1,23,0
40.27,Lane 2,36,0
40.27,Lane 3,12,0
40.27,Lane 4,23,0
40.5,Lane 1,23,0
40.5,Lane 2,36,0
40.5,Lane 3,12,0
40.5,Lane 4,23,0
40.54,Lane 1,23,0
40.54,Lane 2,36,0
40.54,Lane 3,12,0
40.54,Lane 4,24,0
40.71,Lane 1,23,0
40.71,Lane 2,36,0
40.71,Lane 3,12,0
40.71,Lane 4,24,0
40.74,Lane 1,23,0
40.74,Lane 2,36,0
40.74,Lane 3,12,0
40.74,Lane 4,24,0
40.89,Lane 1,23,0
40.89,Lane 2,36,0
40.89,Lane 3,12,0
40.89,Lane 4,24,0
40.93,Lane 1,23,0
40.93,Lane 2,36,0
40.93,Lane 3,12,0
40.93,Lane 4,24,0
41.07,Lane 1,23,0
41.07,Lane 2,36,0
41.07,Lane 3,12,0
41.07,Lane 4,24,0
41.1,Lane 1,23,0
41.1,Lane 2,36,0
41.1,Lane 3,12,0
41.1,Lane 4,24,0
41.25,Lane 1,23,0
41.25,Lane 2,36,0
41.25,Lane 3,12,0
41.25,Lane 4,24,0
41.28,Lane 1,23,0
41.28,Lane 2,36,0
41.28,Lane 3,12,0
41.28,Lane 4,24,0
41.43,Lane 1,23,0
41.43,Lane 2,36,0
41.43,Lane 3,12,0
41.43,Lane 4,24,0
41.46,Lane 1,23,0
41.46,Lane 2,36,0
41.46,Lane 3,12,0
41.46,Lane 4,24,0
41.61,Lane 1,23,0
41.61,Lane 2,36,0
41.61,Lane 3,12,0
41.61,Lane 4,24,0
41.65,Lane 1,23,0
41.65,Lane 2,41,0
41.65,Lane 3,12,0
41.65,Lane 4,24,0
41.79,Lane 1,23,0
41.79,Lane 2,41,0
41.79,Lane 3,12,0
41.79,Lane 4,24,0
41.83,Lane 1,23,0
41.83,Lane 2,41,0
41.83,Lane 3,12,0
41.83,Lane 4,24,0
41.97,Lane 1,23,0
41.97,Lane 2,41,0
41.97,Lane 3,12,0
41.97,Lane 4,24,0
42.0,Lane 1,23,0
42.0,Lane 2,41,0
42.0,Lane 3,12,0
42.0,Lane 4,24,0
42.14,Lane 1,23,0
42.14,Lane 2,41,0
42.14,Lane 3,12,0
42.14,Lane 4,24,0
42.17,Lane 1,23,0
42.17,Lane 2,41,0
42.17,Lane 3,12,0
42.17,Lane 4,24,0
42.32,Lane 1,23,0
42.32,Lane 2,41,0
42.32,Lane 3,12,0
42.32,Lane 4,24,0
42.35,Lane 1,23,0
42.35,Lane 2,41,0
42.35,Lane 3,12,0
42.35,Lane 4,24,0
42.5,Lane 1,23,0
42.5,Lane 2,41,0
42.5,Lane 3,12,0
42.5,Lane 4,24,0
42.53,Lane 1,23,0
42.53,Lane 2,41,0
42.53,Lane 3,12,0
42.53,Lane 4,24,0
42.68,Lane 1,23,0
42.68,Lane 2,41,0
42.68,Lane 3,12,0
42.68,Lane 4,24,0
42.71,Lane 1,23,0
42.71,Lane 2,41,0
42.71,Lane 3,12,0
42.71,Lane 4,24,0
42.86,Lane 1,23,0
42.86,Lane 2,41,0
42.86,Lane 3,12,0
42.86,Lane 4,24,0
42.89,Lane 1,23,0
42.89,Lane 2,41,0
42.89,Lane 3,12,0
42.89,Lane 4,24,0
43.03,Lane 1,23,0
43.03,Lane 2,41,0
43.03,Lane 3,12,0
43.03,Lane 4,24,0
43.06,Lane 1,23,0
43.06,Lane 2,41,0
43.06,Lane 3,12,0
43.06,Lane 4,24,0
43.21,Lane 1,23,0
43.21,Lane 2,41,0
43.21,Lane 3,12,0
43.21,Lane 4,24,0
43.24,Lane 1,23,0
43.24,Lane 2,41,0
43.24,Lane 3,12,0
43.24,Lane 4,24,0
43.39,Lane 1,23,0
43.39,Lane 2,41,0
43.39,Lane 3,12,0
43.39,Lane 4,24,0
43.43,Lane 1,23,0
43.43,Lane 2,41,0
43.43,Lane 3,12,0
43.43,Lane 4,24,0
43.52,Lane 1,23,0
43.52,Lane 2,41,0
43.52,Lane 3,12,0
43.52,Lane 4,24,0
43.54,Lane 1,23,0
43.54,Lane 2,41,0
43.54,Lane 3,12,0
43.54,Lane 4,24,0
43.64,Lane 1,23,0
43.64,Lane 2,41,0
43.64,Lane 3,12,0
43.64,Lane 4,24,0
43.67,Lane 1,23,0
43.67,Lane 2,41,0
43.67,Lane 3,12,0
43.67,Lane 4,24,0
43.77,Lane 1,23,0
43.77,Lane 2,41,0
43.77,Lane 3,12,0
43.77,Lane 4,24,0
43.79,Lane 1,23,0
43.79,Lane 2,41,0
43.79,Lane 3,12,0
43.79,Lane 4,24,0
43.88,Lane 1,23,0
43.88,Lane 2,41,0
43.88,Lane 3,12,0
43.88,Lane 4,24,0
43.91,Lane 1,23,0
43.91,Lane 2,41,0
43.91,Lane 3,12,0
43.91,Lane 4,26,0
44.0,Lane 1,23,0
44.0,Lane 2,41,0
44.0,Lane 3,12,0
44.0,Lane 4,26,0
44.02,Lane 1,23,0
44.02,Lane 2,41,0
44.02,Lane 3,12,0
44.02,Lane 4,26,0
44.11,Lane 1,23,0
44.11,Lane 2,41,0
44.11,Lane 3,12,0
44.11,Lane 4,26,0
44.14,Lane 1,23,0
44.14,Lane 2,41,0
44.14,Lane 3,12,0
44.14,Lane 4,26,0
44.23,Lane 1,23,0
44.23,Lane 2,41,0
44.23,Lane 3,12,0
44.23,Lane 4,26,0
44.25,Lane 1,23,0
44.25,Lane 2,41,0
44.25,Lane 3,12,0
44.25,Lane 4,26,0
44.34,Lane 1,23,0
44.34,Lane 2,41,0
44.34,Lane 3,12,0
44.34,Lane 4,26,0
44.37,Lane 1,23,0
44.37,Lane 2,41,0
44.37,Lane 3,12,0
44.37,Lane 4,26,0
44.46,Lane 1,23,0
44.46,Lane 2,41,0
44.46,Lane 3,12,0
44.46,Lane 4,26,0
44.48,Lane 1,23,0
44.48,Lane 2,41,0
44.48,Lane 3,12,0
44.48,Lane 4,26,0
44.58,Lane 1,23,0
44.58,Lane 2,41,0
44.58,Lane 3,12,0
44.58,Lane 4,26,0
44.6,Lane 1,23,0
44.6,Lane 2,41,0
44.6,Lane 3,12,0
44.6,Lane 4,26,0
44.7,Lane 1,23,0
44.7,Lane 2,41,0
44.7,Lane 3,12,0
44.7,Lane 4,26,0
44.72,Lane 1,23,0
44.72,Lane 2,41,0
44.72,Lane 3,12,0
44.72,Lane 4,26,0
44.81,Lane 1,23,0
44.81,Lane 2,41,0
44.81,Lane 3,12,0
44.81,Lane 4,26,0
44.84,Lane 1,23,0
44.84,Lane 2,41,0
44.84,Lane 3,12,0
44.84,Lane 4,26,0
44.93,Lane 1,23,0
44.93,Lane 2,41,0
44.93,Lane 3,12,0
44.93,Lane 4,26,0
44.95,Lane 1,23,0
44.95,Lane 2,41,0
44.95,Lane 3,12,0
44.95,Lane 4,26,0
45.04,Lane 1,23,0
45.04,Lane 2,41,0
45.04,Lane 3,12,0
45.04,Lane 4,26,0
45.06,Lane 1,23,0
45.06,Lane 2,41,0
45.06,Lane 3,12,0
45.06,Lane 4,26,0
45.15,Lane 1,23,0
45.15,Lane 2,41,0
45.15,Lane 3,12,0
45.15,Lane 4,26,0
45.17,Lane 1,23,0
45.17,Lane 2,41,0
45.17,Lane 3,12,0
45.17,Lane 4,26,0
45.26,Lane 1,23,0
45.26,Lane 2,41,0
45.26,Lane 3,12,0
45.26,Lane 4,26,0
45.28,Lane 1,23,0
45.28,Lane 2,41,0
45.28,Lane 3,12,0
45.28,Lane 4,26,0
45.38,Lane 1,23,0
45.38,Lane 2,41,0
45.38,Lane 3,12,0
45.38,Lane 4,26,0
45.41,Lane 1,23,0
45.41,Lane 2,41,0
45.41,Lane 3,12,0
45.41,Lane 4,26,0
